-0.03964, -0.04437, 0.04, -0.05, -3.4, 0, 1, 1, 1, 1, 0, 0, 0, 0, 0, 0, -1.7, 0, 0.5, 0, 0, 0, 1
-0.03264, -0.03937, 0.02564, -0.03937, -2.7, 0, 1.5, 1, 1, 1, 0, 0, 1.5, 1, 1, 1, -1.7, 0, 0.5, 0, 0, 0, 1
-0.03264, -0.03937, 0.02564, -0.03937, -2.7, 0, 1.5, 1, 1, 1, 0, 0, 1.5, 1, 1, 1, -1.7, 0, 0.5, 0, 0, 0, 1
-0.03264, -0.03937, 0.0253, -0.03637, -2.7, 0, 1.5, 1, 1, 1, -0.034, 0, 1.8, 0, 0, -1, -1.7, 0, 0.5, 0, 0, 0, 1
-0.03264, -0.03937, 0.0215977777777778, -0.03637, -2.7, 0, 1.5, 1, 1, 1, -0.404222222222222, 0, 1.8, 0, 0, -1, -1.7, 0, 0.5, 0, 0, 0, 1
-0.03264, -0.03937, 0.0178955555555556, -0.03637, -2.7, 0, 1.5, 1, 1, 1, -0.774444444444445, 0, 1.8, 0, 0, -1, -1.7, 0, 0.5, 0, 0, 0, 1
-0.03264, -0.03937, 0.0141933333333333, -0.03637, -2.7, 0, 1.5, 1, 1, 1, -1.14466666666667, 0, 1.8, 0, 0, -1, -1.7, 0, 0.5, 0, 0, 0, 1
-0.03264, -0.03937, 0.0104911111111111, -0.03637, -2.7, 0, 1.5, 1, 1, 1, -1.51488888888889, 0, 1.8, 0, 0, -1, -1.7, 0, 0.5, 0, 0, 0, 1
-0.03264, -0.03937, 0.00678888888888889, -0.03637, -2.7, 0, 1.5, 1, 1, 1, -1.88511111111111, 0, 1.8, 0, 0, -1, -1.7, 0, 0.5, 0, 0, 0, 1
-0.03264, -0.03937, 0.00308666666666667, -0.03637, -2.7, 0, 1.5, 1, 1, 1, -2.25533333333333, 0, 1.8, 0, 0, -1, -1.7, 0, 0.5, 0, 0, 0, 1
-0.03264, -0.03937, -0.000615555555555557, -0.03637, -2.7, 0, 1.5, 1, 1, 1, -2.62555555555556, 0, 1.8, 0, 0, -1, -1.7, 0, 0.5, 0, 0, 0, 1
-0.03264, -0.03937, -0.00431777777777777, -0.03637, -2.7, 0, 1.5, 1, 1, 1, -2.99577777777778, 0, 1.8, 0, 0, -1, -1.7, 0, 0.5, 0, 0, 0, 1
-0.03264, -0.03937, -0.00802, -0.03637, -2.7, 0, 1.5, 1, 1, 1, -3.366, 0, 1.8, 0, 0, -1, -1.7, 0, 0.5, 0, 0, 0, 1
-0.03264, -0.03937, -0.01636, -0.04447, -2.7, 0, 1.5, 1, 1, 1, -4.2, 0, 0.99, 1, 0, 0, -1.7, 0, 0.5, 0, 0, 0, 1
-0.03264, -0.03937, -0.01636, -0.0455588888888889, -2.7, 0, 1.5, 1, 1, 1, -4.2, 0, 0.881111111111111, 1, 0, 0, -1.7, 0, 0.5, 0, 0, 0, 1
-0.03264, -0.03937, -0.01636, -0.0466477777777778, -2.7, 0, 1.5, 1, 1, 1, -4.2, 0, 0.772222222222222, 1, 0, 0, -1.7, 0, 0.5, 0, 0, 0, 1
-0.03264, -0.03937, -0.01636, -0.0477366666666667, -2.7, 0, 1.5, 1, 1, 1, -4.2, 0, 0.663333333333333, 1, 0, 0, -1.7, 0, 0.5, 0, 0, 0, 1
-0.03264, -0.03937, -0.01636, -0.0488255555555556, -2.7, 0, 1.5, 1, 1, 1, -4.2, 0, 0.554444444444444, 1, 0, 0, -1.7, 0, 0.5, 0, 0, 0, 1
-0.03264, -0.03937, -0.01636, -0.0499144444444444, -2.7, 0, 1.5, 1, 1, 1, -4.2, 0, 0.445555555555556, 1, 0, 0, -1.7, 0, 0.5, 0, 0, 0, 1
-0.03264, -0.03937, -0.01636, -0.0510033333333333, -2.7, 0, 1.5, 1, 1, 1, -4.2, 0, 0.336666666666667, 1, 0, 0, -1.7, 0, 0.5, 0, 0, 0, 1
-0.03264, -0.03937, -0.01636, -0.0520922222222222, -2.7, 0, 1.5, 1, 1, 1, -4.2, 0, 0.227777777777778, 1, 0, 0, -1.7, 0, 0.5, 0, 0, 0, 1
-0.03264, -0.03937, -0.00836, -0.0520922222222222, -2.7, 0, 1.5, 1, 1, 1, -3.4, 0, 0.227777777777778, 1, 0, 0, -1.7, 0, 0.5, 0, 0, 0, 1
-0.03264, -0.03937, -0.00836, -0.0520922222222222, -2.7, 0, 1.5, 1, 1, 1, -3.4, 0, 0.227777777777778, 1, 0, 0, -1.7, 0, 0.5, 0, 0, 0, 1
-0.0326003217541678, -0.0393883998026421, -0.00808288296914674, -0.0522373013256669, -2.7, 0, 1.5, 1, 1, 1, -3.37228829691467, 0.0378766219505832, 0.213269867433307, 0.999582524625498, -0.0222703279147754, 0.0184067639166601, -1.67801604278608, -0.000255340543760717, 0.516737197796783, 0.000602925010599148, -0.00921105605227647, -0.0111307741713109, 0.999895443931105
-0.0326854623254718, -0.0393342618964353, -0.00830529708928136, -0.0521106805893976, -2.7, 0, 1.5, 1, 1, 1, -3.39452970892814, 0.00824452638924718, 0.225931941060242, 0.99997742113675, -0.00442969712904545, 0.00505321680124381, -1.69594466258012, 0.00049763400762942, 0.506741065294008, 0.000403080555096697, -0.00252751522993931, -0.00221384244867444, 0.999994274030827
-0.0327093766367413, -0.0393109516512127, -0.00831594665520117, -0.0520833237289926, -2.7, 0, 1.5, 1, 1, 1, -3.39559466552012, 0.00874058930801177, 0.228667627100736, 0.999943596595425, -0.00443701328530097, 0.00964969123402719, -1.69832031469488, 0.00054751416687861, 0.51728084547805, 0.00120485772424785, -0.00482758321091151, -0.00221272289933396, 0.999985173197871
-0.0326709363373002, -0.0393438406618071, -0.008320739045925, -0.0520713699545649, -2.7, 0, 1.5, 1, 1, 1, -3.3960739045925, 0.00896466408530393, 0.229863004543506, 0.99992166305443, -0.0044426299451023, 0.0117017431878307, -1.69939629956224, 0.00057224605208176, 0.52195821193305, 0.00155574387077473, -0.00585443503368453, -0.00221225297409522, 0.999979205377904
-0.03264, -0.03937, -0.008320739045925, -0.0520713699545649, -2.7, 0, 1.5, 1, 1, 1, -3.3960739045925, 0.00896466408530393, 0.229863004543506, 0.99992166305443, -0.0044426299451023, 0.0117017431878307, -1.69939629956224, 0.00057224605208176, 0.52195821193305, 0.00155574387077473, -0.00585443503368453, -0.00221225297409522, 0.999979205377904
-0.0325441721921109, -0.0390076811366932, -0.00831866531173507, -0.0516562652998421, -2.7, 0, 1.5, 1, 1, 1, -3.39586653117351, 0.0196489193653678, 0.271373470015788, 0.999971865581813, -0.00605461554382814, 0.00442828131948564, -1.69708809172999, 0.0145662366313633, 0.551071375423881, -0.00956353204339121, -0.00218510281276682, -0.00304836592144511, 0.999947234430778
-0.0326383228950922, -0.0391493047999375, -0.00831919159698425, -0.0514347604870257, -2.7, 0, 1.5, 1, 1, 1, -3.39591915969842, 0.0271574920033972, 0.293523951297435, 0.999971865581797, -0.00605461554754858, 0.0044282813180034, -1.69709067635877, 0.0301397323512291, 0.572948053171279, -0.0243836427689069, -0.00213968006908983, -0.00308041852729631, 0.999695639060318
-0.03264, -0.03937, -0.00831919159698425, -0.0514347604870257, -2.7, 0, 1.5, 1, 1, 1, -3.39591915969842, 0.0271574920033972, 0.293523951297435, 0.999971865581797, -0.00605461554754858, 0.0044282813180034, -1.69709067635877, 0.0301397323512291, 0.572948053171279, -0.0243836427689069, -0.00213968006908983, -0.00308041852729631, 0.999695639060318
-0.0326477475098245, -0.0390153875510204, -0.0083561367379486, -0.0510660309024598, -2.7, 0, 1.5, 1, 1, 1, -3.39961367379486, 0.0417323769876013, 0.330396909754017, 0.99996004050242, -0.00869100093524566, 0.00209377676499089, -1.70009442589619, 0.0448990148192502, 0.605586365762771, -0.0329677775359591, -0.000903065396054609, -0.00437769593283095, 0.999446419722213
-0.0326476820409703, -0.0390136581263863, -0.00839390829160017, -0.0506966432807827, -2.7, 0, 1.5, 1, 1, 1, -3.40339082916002, 0.0574636851434459, 0.367335671921734, 0.99993333121491, -0.0115404394839561, -0.000389078358792185, -1.70313842745084, 0.0603884807584048, 0.637961159125735, -0.0414453052917324, 0.000433531751400172, -0.00575729474365242, 0.999124092531418
-0.0326478845590363, -0.0390116222945926, -0.00843315171639392, -0.0503259770695771, -2.7, 0, 1.5, 1, 1, 1, -3.40731517163939, 0.0745422473908316, 0.40440229304229, 0.999887626544427, -0.0146723600746595, -0.00307508263160775, -1.70627608180596, 0.0766593211163656, 0.670045796876078, -0.0497790950927355, 0.00190088711197297, -0.00725074864919714, 0.998732123726859
-0.0326498485119809, -0.0390092166613252, -0.00847695169493955, -0.0499524608850722, -2.7, 0, 1.5, 1, 1, 1, -3.41169516949395, 0.0937254162851249, 0.441753911492779, 0.999812939483383, -0.018344545684602, -0.00612892202781147, -1.70977910311168, 0.0939621883689691, 0.701728112521415, -0.0578466097553747, 0.00359010663905093, -0.00898005526869532, 0.998278638197523
-0.0326528010222481, -0.0390062968725385, -0.00852749163955393, -0.0495741202094916, -2.7, 0, 1.5, 1, 1, 1, -3.41674916395539, 0.115649080687324, 0.479587979050839, 0.999692878261127, -0.0227888483934161, -0.00973742999386065, -1.71383214886377, 0.112462279223933, 0.732902846911913, -0.0655114267025998, 0.00560520720139339, -0.0110518107867412, 0.99777487045022
-0.03265817265313, -0.0390030688720275, -0.00858971855102466, -0.0491871775846835, -2.7, 0, 1.5, 1, 1, 1, -3.42297185510247, 0.141693362538995, 0.518282241531651, 0.999491291356676, -0.0285062833397176, -0.0143021086669062, -1.71886236312681, 0.132516046102281, 0.763295617683017, -0.07246474306996, 0.00816626949873673, -0.0136991373500675, 0.997243454072346
-0.0326682958058509, -0.0390369786645823, -0.0086703552688477, -0.0488208986406759, -2.7, 0, 1.5, 1, 1, 1, -3.43103552688477, 0.172599144628402, 0.554910135932405, 0.999137735987132, -0.0361606900344615, -0.0204007113292723, -1.72549836039054, 0.152915480307367, 0.789133246101619, -0.0772028230289903, 0.0115685473426883, -0.0172424104699467, 0.996799173409529
-0.032653651245924, -0.0393549113120594, -0.00869902087260116, -0.0487862925893718, -2.7, 0, 1.5, 1, 1, 1, -3.43390208726012, 0.180388959140147, 0.55837074106282, 0.998993501552655, -0.0387616783174727, -0.0225724644108418, -1.72794010458118, 0.155604958909479, 0.788988184588498, -0.0759837116561626, 0.0127297902374117, -0.018471644869478, 0.996856672917065
-0.0326412236246463, -0.0393623813628335, -0.00870187438403796, -0.0487771805771506, -2.7, 0, 1.5, 1, 1, 1, -3.4341874384038, 0.18137748952681, 0.559281942284937, 0.998977805562422, -0.0390355645647634, -0.0227940495041693, -1.72818035454371, 0.156149638319161, 0.78951730797461, -0.076028258894766, 0.0128515880172296, -0.0185992984874306, 0.996849339986059
-0.0326403421044655, -0.039369351079466, -0.00870259758971918, -0.0487760519806987, -2.7, 0, 1.5, 1, 1, 1, -3.43425975897192, 0.181584390077547, 0.559394801930129, 0.998973937373032, -0.0391021246921963, -0.0228494265568751, -1.7282420558917, 0.156230060203385, 0.789537568501512, -0.0760046011512092, 0.0128813066282169, -0.0186307072607026, 0.996850173943086
-0.03264, -0.03937, -0.00870259758971918, -0.0487760519806987, -2.7, 0, 1.5, 1, 1, 1, -3.43425975897192, 0.181584390077547, 0.559394801930129, 0.998973937373032, -0.0391021246921963, -0.0228494265568751, -1.7282420558917, 0.156230060203385, 0.789537568501512, -0.0760046011512092, 0.0128813066282169, -0.0186307072607026, 0.996850173943086
-0.0325024958991381, -0.0388871651550286, -0.00877200611885463, -0.0481220285399238, -2.7, 0, 1.5, 1, 1, 1, -3.44120061188546, 0.159309602679287, 0.624797146007619, 0.998568000840124, -0.0307447504066787, -0.0437802240810844, -1.73064565212484, 0.145651468478054, 0.819528045661648, -0.0714366818506612, 0.0229409048064577, -0.013773687472832, 0.997086155207377
-0.0325037670819704, -0.0388850800577816, -0.00882752796156657, -0.0474665747636713, -2.7, 0, 1.5, 1, 1, 1, -3.44675279615666, 0.136973879361862, 0.690342523632867, 0.997655800002252, -0.0223878590678102, -0.0646659762798551, -1.73247809172022, 0.135072674520987, 0.849601939119411, -0.0668997049279521, 0.0330291398679108, -0.00900976794707143, 0.99717216641946
-0.0325050213622506, -0.0388829888844783, -0.00886911859982303, -0.0468099659302437, -2.7, 0, 1.5, 1, 1, 1, -3.4509118599823, 0.114584425046231, 0.756003406975629, 0.996239733430857, -0.0140365736589574, -0.0854948427306114, -1.73373591882029, 0.124494562482751, 0.879751192983824, -0.0623983611689558, 0.0431428815342705, -0.00433878525528532, 0.997108976611312
-0.0325062559939242, -0.0388808946366253, -0.00889673776101, -0.0461524800376473, -2.7, 0, 1.5, 1, 1, 1, -3.453673776101, 0.0921476327562215, 0.821751996235276, 0.994322612356463, -0.00569599801201663, -0.106254873597716, -1.73441551373816, 0.113917486516006, 0.909967862359216, -0.0579378985526885, 0.0532788551786802, 0.000239609302549802, 0.996897440105816
-0.0325072169145603, -0.0389138557499807, -0.00888824159832439, -0.0455538099806485, -2.7, 0, 1.5, 1, 1, 1, -3.45282415983244, 0.128797223851132, 0.881619001935146, 0.991822495922352, -0.019193101258188, -0.12617353702916, -1.73199320518388, 0.130420366455861, 0.934940003454323, -0.063524309896811, 0.0637000526010092, -0.00557273159703555, 0.99592967121846
-0.0326909823570647, -0.0389458667464787, -0.0090269804194991, -0.0449986443819682, -2.7, 0, 1.5, 1, 1, 1, -3.46669804194991, 0.125014553966303, 0.93713556180318, 0.989669612616641, -0.0223188710158393, -0.141618945977595, -1.74526337836767, 0.118208098658597, 0.963992766706997, -0.0579392129813036, 0.0715231026527367, -0.00704552897980991, 0.995729809691077
-0.0324979413771085, -0.0389054497457068, -0.00900804064241109, -0.0443634064245054, -2.7, 0, 1.5, 1, 1, 1, -3.46480406424111, 0.0973867368320634, 1.00065935754946, 0.986736470637595, -0.0122412689009323, -0.161868121782387, -1.74318271285279, 0.105105098697489, 0.992579282946541, -0.0527976197247396, 0.0814150662705551, -0.0018307554079074, 0.995279180265617
-0.0326631350812563, -0.0389818264889906, -0.0091132491170763, -0.0438570916952523, -2.7, 0, 1.5, 1, 1, 1, -3.47532491170763, 0.121718325709276, 1.05129083047477, 0.983775654002149, -0.0174016111488355, -0.178557123974568, -1.75408202034588, 0.124409536027267, 1.01359992181924, -0.0599298017224235, 0.090006160253949, -0.00332627648671338, 0.994130899764506
-0.0326670774145882, -0.0389998112664789, -0.00919926334945578, -0.0433891910288473, -2.7, 0, 1.5, 1, 1, 1, -3.48392633494558, 0.148850536502375, 1.09808089711527, 0.981048994385592, -0.0231469923371661, -0.192372262451636, -1.76340091406743, 0.144560276111905, 1.03580081964683, -0.0653570053922899, 0.0972001351641656, -0.00525704586928454, 0.993102693098226
-0.03264, -0.03937, -0.00919926334945578, -0.0433891910288473, -2.7, 0, 1.5, 1, 1, 1, -3.48392633494558, 0.148850536502375, 1.09808089711527, 0.981048994385592, -0.0231469923371661, -0.192372262451636, -1.76340091406743, 0.144560276111905, 1.03580081964683, -0.0653570053922899, 0.0972001351641656, -0.00525704586928454, 0.993102693098226
-0.0325834361856671, -0.0388454911189861, -0.00921526383249199, -0.0427122203140812, -2.7, 0, 1.5, 1, 1, 1, -3.4855263832492, 0.156502764572604, 1.16577796859188, 0.977117972660444, -0.0251135536394597, -0.211210267097843, -1.76652912949287, 0.148561108598863, 1.07043485163945, -0.0649445880993212, 0.106812584589046, -0.00566440139696067, 0.992139701255237
-0.0325842599547951, -0.038845340022982, -0.00921907330351262, -0.0420348359035447, -2.7, 0, 1.5, 1, 1, 1, -3.48590733035126, 0.163732677678833, 1.23351640964553, 0.972824752090919, -0.0269461074001681, -0.229969365384219, -1.76907983252841, 0.152356815071558, 1.10514635573553, -0.064518909533066, 0.116410616795762, -0.00601599964848508, 0.991085105507153
-0.0325850775104601, -0.0388452036044756, -0.00921070100471477, -0.0413572923653864, -2.7, 0, 1.5, 1, 1, 1, -3.48507010047148, 0.170538679084452, 1.30127076346136, 0.968172029919053, -0.0286442114704218, -0.248641166405844, -1.77105156966376, 0.155946754454825, 1.1399248925661, -0.0640785541282292, 0.125992624226993, -0.00631218511051373, 0.989939368779908
-0.0325858876517585, -0.0388450834286155, -0.009190160967296, -0.0406798455424545, -2.7, 0, 1.5, 1, 1, 1, -3.4830160967296, 0.176919473431435, 1.36901544575455, 0.963162735331521, -0.0302074334659778, -0.267217245386785, -1.77244297611701, 0.159330472373734, 1.17476003565972, -0.0636219312654814, 0.135556946960791, -0.00655335524055759, 0.988702997632662
-0.0325866891240088, -0.0388449814822853, -0.00915747219739841, -0.040002753030151, -2.7, 0, 1.5, 1, 1, 1, -3.47974721973984, 0.182874082932299, 1.4367246969849, 0.957800052057269, -0.0316353333822385, -0.285689107179269, -1.77325276526669, 0.162507724504043, 1.20964139383745, -0.0631472350332581, 0.145101849769333, -0.00673996772125146, 0.987376550631161
-0.0325874803309696, -0.038844900203397, -0.00911265871815687, -0.0393262745085337, -2.7, 0, 1.5, 1, 1, 1, -3.47526587181569, 0.188401898043584, 1.50437254914663, 0.952087441466447, -0.0329274522054564, -0.304048165087594, -1.77347969823295, 0.165478517809402, 1.24455862282074, -0.0626523929856584, 0.154625506511545, -0.00687255431588889, 0.985960647483658
-0.0325882592785471, -0.0388448426962972, -0.00905574966147241, -0.0386506723448385, -2.7, 0, 1.5, 1, 1, 1, -3.46957496614724, 0.193502723120234, 1.57193276551615, 0.946028676321149, -0.0340832868923213, -0.322285701098684, -1.77312254543714, 0.168243157303436, 1.27950144559095, -0.062134991238455, 0.164125973612294, -0.00695173541227042, 0.984455982268568
-0.0325890235705733, -0.0388448130137903, -0.00898677953119485, -0.0379762125512095, -2.7, 0, 1.5, 1, 1, 1, -3.46267795311948, 0.198176860295899, 1.63937874487905, 0.939627889374186, -0.0351022628719396, -0.340392803466057, -1.77218004574, 0.170802321090066, 1.31445968107939, -0.0615921740282421, 0.173601150452777, -0.00697824292922793, 0.982863341866797
-0.0325897700064951, -0.0388448165523394, -0.00890578833881826, -0.0373031661029234, -2.7, 0, 1.5, 1, 1, 1, -3.45457883388183, 0.202425225750938, 1.70668338970766, 0.932889640016753, -0.0359836932444372, -0.358360284308827, -1.77065082722171, 0.17315716509844, 1.34942327818814, -0.0610204969251565, 0.183048726996757, -0.0069529516387059, 0.981183631622228
-0.0325904943946131, -0.0388448607721862, -0.0088128219817276, -0.0366318110976138, -2.7, 0, 1.5, 1, 1, 1, -3.44528219817276, 0.206249531840694, 1.77381889023862, 0.925819016235491, -0.0367267191976498, -0.376178544409066, -1.76853330588781, 0.175309485299676, 1.38438236907909, -0.0604157062930329, 0.192466100327768, -0.00687692568491284, 0.979417914146387
-0.0325911909878107, -0.0388449564165113, -0.0087079328004041, -0.0359624362882906, -2.7, 0, 1.5, 1, 1, 1, -3.43479328004041, 0.209652578415396, 1.84075637117094, 0.918421795243026, -0.0373302176841397, -0.393837353320165, -1.76582552454451, 0.177261975446824, 1.41932735196852, -0.0597723917640055, 0.201850240918833, -0.0067514901685731, 0.977567470205675
-0.0325918512451023, -0.038845119746767, -0.00859118018357402, -0.0352953470285959, -2.7, 0, 1.5, 1, 1, 1, -3.4231180183574, 0.212638753096143, 1.90746529714041, 0.910704705007898, -0.0377926508855448, -0.41132548646482, -1.76252486207659, 0.179018663731953, 1.45424901634713, -0.0590834024765068, 0.211197473523614, -0.00657834882726554, 0.975633898578636
-0.0325924620641236, -0.038845377236259, -0.00846263207113807, -0.0346308766457153, -2.7, 0, 1.5, 1, 1, 1, -3.41026320711381, 0.215214958083061, 1.97391233542847, 0.902675905707006, -0.0381117956512741, -0.428630027282587, -1.75862754649102, 0.180585718910064, 1.48913878146225, -0.0583387843085935, 0.220503061608071, -0.00635979307558337, 0.973619298852944
-0.0325930006512579, -0.0388457763643081, -0.00832236712753232, -0.0339694098972253, -2.7, 0, 1.5, 1, 1, 1, -3.39623671275323, 0.217392535332427, 2.04005901027747, 0.894345949215006, -0.0382842029744567, -0.445734946941926, -1.7541276119349, 0.181973109693484, 1.52398914720793, -0.0575236088087368, 0.229760366788607, -0.00609911843318048, 0.971526638356933
-0.0325934216507601, -0.0388464160330907, -0.00817047986484348, -0.0333114412265409, -2.7, 0, 1.5, 1, 1, 1, -3.38104798648435, 0.219192067996007, 2.10585587734591, 0.885730076688935, -0.0383039397669746, -0.462617595263022, -1.7490144257701, 0.183198691334933, 1.55879475479149, -0.056612739642919, 0.238958789139823, -0.00580161601300387, 0.969360632610274
-0.0325936080528316, -0.0388475644206704, -0.00800709527202407, -0.0326577683128959, -2.7, 0, 1.5, 1, 1, 1, -3.36470952720241, 0.220659103591249, 2.17122316871041, 0.876855560601866, -0.0381585752959222, -0.479237153164248, -1.74326471485266, 0.184301529346658, 1.59355562974812, -0.0555539003167424, 0.24807703363735, -0.00547768936323494, 0.967130572601513
-0.0326083746812037, -0.0390090604416687, -0.00788703749888743, -0.032207930969004, -2.7, 0, 1.5, 1, 1, 1, -3.35270374988874, 0.221586202507933, 2.2162069030996, 0.870601091059303, -0.0379186356403949, -0.490526163744119, -1.73883721808324, 0.185093248040477, 1.61770208268132, -0.0545879469617854, 0.254306517249936, -0.00525830339144962, 0.965567554123557
-0.0326371950265179, -0.0393452626771709, -0.00787807868463989, -0.0321770624007932, -2.7, 0, 1.5, 1, 1, 1, -3.35180786846399, 0.221816702984739, 2.21929375992069, 0.870199494800109, -0.0378760016776562, -0.491241537073718, -1.7384298040335, 0.185278935955149, 1.6194761617572, -0.0543753811000486, 0.254700754428503, -0.00527051169213902, 0.965475564336187
-0.0326397925542735, -0.0393681120068974, -0.00787738898180752, -0.0321747095427531, -2.7, 0, 1.5, 1, 1, 1, -3.35173889818075, 0.221836197439511, 2.21952904572469, 0.870167939672217, -0.0378749937426416, -0.491297508252997, -1.7383992463896, 0.185292963911021, 1.61960846905367, -0.0543626123281635, 0.254731701605756, -0.00527165637418772, 0.965468112480659
-0.03264, -0.03937, -0.00787738898180752, -0.0321747095427531, -2.7, 0, 1.5, 1, 1, 1, -3.35173889818075, 0.221836197439511, 2.21952904572469, 0.870167939672217, -0.0378749937426416, -0.491297508252997, -1.7383992463896, 0.185292963911021, 1.61960846905367, -0.0543626123281635, 0.254731701605756, -0.00527165637418772, 0.965468112480659
-0.0324982254392363, -0.0390136449067607, -0.00747716568867364, -0.0315985224967721, -2.7, 0, 1.5, 1, 1, 1, -3.31171656886736, 0.229332372573764, 2.27714775032279, 0.853390099427828, -0.0433489673222595, -0.519467232104832, -1.7190844527842, 0.180812184511965, 1.62501764639986, -0.0504455877944643, 0.270620214788455, -0.00834563562207808, 0.961327359636656
-0.0324894804683523, -0.0390093215627299, -0.0070528928049386, -0.0310316868824502, -2.7, 0, 1.5, 1, 1, 1, -3.26928928049386, 0.234666359786988, 2.33383131175498, 0.835801512386982, -0.0475425873328835, -0.546969408908148, -1.69897658232668, 0.176438666202848, 1.6303879921148, -0.0466264627301989, 0.286322633788506, -0.0108900499044694, 0.956936115509682
-0.0324807381646403, -0.0390054954275659, -0.00660591879390002, -0.0304758703248439, -2.7, 0, 1.5, 1, 1, 1, -3.22459187939, 0.237936856028123, 2.38941296751561, 0.817494817066744, -0.050533353250912, -0.573714741207013, -1.67806850552772, 0.172153610050899, 1.63572672184178, -0.0429107442808792, 0.301803471640207, -0.0129327480663163, 0.952316164180065
-0.0324721454035136, -0.0390020962738889, -0.00613771144392238, -0.0299324549472331, -2.7, 0, 1.5, 1, 1, 1, -3.17777114439224, 0.239262245621328, 2.44375450527669, 0.79855907402181, -0.0524072116999577, -0.599630627519363, -1.65636717689513, 0.16794036639273, 1.64104154568343, -0.0393019245033166, 0.317033215626613, -0.0145052810570594, 0.947488731194857
-0.0324530571244348, -0.0389940798647535, -0.00565087714666045, -0.0293950609800747, -2.7, 0, 1.5, 1, 1, 1, -3.12908771466605, 0.228127434894289, 2.49749390199253, 0.779120348051201, -0.0476418282233488, -0.625061388550047, -1.63393443096999, 0.163874164079776, 1.64632228961689, -0.0369402949604774, 0.332098706173217, -0.0122586839617771, 0.942441291876493
-0.0324537531222019, -0.0389984164556632, -0.00514438871280337, -0.0288833531918257, -2.7, 0, 1.5, 1, 1, 1, -3.07843887128034, 0.226543957243051, 2.54866468081743, 0.75930840209561, -0.0478988765238511, -0.648965675621419, -1.6104716027932, 0.159727978795981, 1.65160690009972, -0.0335014978476939, 0.346659178826632, -0.0131610291178282, 0.937300299098302
-0.0324387091434218, -0.038992437795547, -0.00462184883222723, -0.0283816874375885, -2.7, 0, 1.5, 1, 1, 1, -3.02618488322272, 0.21596442926085, 2.59883125624115, 0.739118498257364, -0.0434277709804992, -0.672173991048035, -1.58632165826069, 0.155690682318837, 1.6568833239736, -0.0310733561591664, 0.360990167598687, -0.0112627602473831, 0.931983742168117
-0.0324379335582639, -0.0389948615466747, -0.0040836542820717, -0.0279023145793339, -2.7, 0, 1.5, 1, 1, 1, -2.97236542820717, 0.211977649579272, 2.64676854206662, 0.7186790292082, -0.0423714277911856, -0.694049792942333, -1.5613236373134, 0.151596134430001, 1.66217721808942, -0.0277940164914182, 0.374867268414187, -0.01161965866906, 0.92658890952319
-0.0324268583962124, -0.0389897640401443, -0.00353198192403835, -0.0274346267141682, -2.7, 0, 1.5, 1, 1, 1, -2.91719819240383, 0.201721586792367, 2.69353732858318, 0.697935936998081, -0.0380663492309716, -0.71514780353633, -1.53575267337312, 0.147579824942917, 1.66748572859155, -0.025296320095758, 0.388499856104824, -0.0099946639508676, 0.921047265176252
-0.0324245257343742, -0.0389911707730373, -0.00296784585830647, -0.0269870744595663, -2.7, 0, 1.5, 1, 1, 1, -2.86078458583065, 0.195770921080685, 2.73829255404337, 0.677070107958119, -0.035955162501443, -0.735039655528241, -1.50943204909001, 0.143525314388892, 1.67282474303374, -0.0221627986476957, 0.401704719518661, -0.00991283699926011, 0.915447357489857
-0.03264, -0.03937, -0.00296784585830647, -0.0269870744595663, -2.7, 0, 1.5, 1, 1, 1, -2.86078458583065, 0.195770921080685, 2.73829255404337, 0.677070107958119, -0.035955162501443, -0.735039655528241, -1.50943204909001, 0.143525314388892, 1.67282474303374, -0.0221627986476957, 0.401704719518661, -0.00991283699926011, 0.915447357489857
-0.0324906858974175, -0.0388394156364332, -0.00257322048619041, -0.0264273131004272, -2.7, 0, 1.5, 1, 1, 1, -2.82132204861904, 0.198477736547627, 2.79426868995728, 0.662472840374164, -0.0365893234204626, -0.748191791707327, -1.49120040397723, 0.144959935726507, 1.70247329075364, -0.0220642918397716, 0.410683526335423, -0.0101302028419928, 0.911454654501633
-0.0324906858860105, -0.0388394156531024, -0.00216765491855906, -0.0258754080008174, -2.7, 0, 1.5, 1, 1, 1, -2.78076549185591, 0.20114598856912, 2.84945919991826, 0.647619553958658, -0.0372093415984336, -0.761054780044248, -1.4723887778846, 0.146376679692181, 1.73175815070412, -0.0219636518182651, 0.419622653238732, -0.0103465892717029, 0.907373889297094
-0.0324906858959641, -0.0388394156475399, -0.00175130590145259, -0.0253315724389176, -2.7, 0, 1.5, 1, 1, 1, -2.73913059014526, 0.203774660973181, 2.90384275610824, 0.632515988322872, -0.0378149826355993, -0.773623649848045, -1.45300444271137, 0.147775005859457, 1.76066800578106, -0.0218608909855621, 0.428521236906554, -0.0105619770233253, 0.903205455921715
-0.0324906858633211, -0.0388394156796319, -0.00132433432461543, -0.0247960166135116, -2.7, 0, 1.5, 1, 1, 1, -2.69643343246154, 0.206362723177308, 2.95739833864884, 0.617167981923176, -0.0384060077593534, -0.785893542826802, -1.43305488618736, 0.149154366701043, 1.78919168268636, -0.0217560175235209, 0.437378416773292, -0.0107763435032967, 0.898949757585542
-0.0324906858686, -0.0388394156661565, -0.000886905151411609, -0.0242689474531912, -2.7, 0, 1.5, 1, 1, 1, -2.65269051514116, 0.208909183795427, 3.01010525468088, 0.601581461725739, -0.0389821911356916, -0.797859720553798, -1.41254782017512, 0.150514233371712, 1.81731815542176, -0.0216490418185361, 0.446193339603473, -0.0109896692684644, 0.894607204224965
-0.032490685856374, -0.0388394156785607, -0.00043918749389334, -0.0237505686814624, -2.7, 0, 1.5, 1, 1, 1, -2.60791874938933, 0.21141306108101, 3.06194313185376, 0.585762455552646, -0.0395433113987905, -0.809517555207145, -1.39149116981796, 0.151854081404215, 1.84503655784341, -0.0215399760091591, 0.454965151311361, -0.0112019335789372, 0.89017821654422
-0.0324906858537494, -0.0388394156808378, 1.86456516232305e-05, -0.0232410806123303, -2.7, 0, 1.5, 1, 1, 1, -2.56213543483768, 0.213873378681638, 3.11289193876697, 0.569717074797274, -0.0400891484376373, -0.820862543220229, -1.36989307281326, 0.153173388907661, 1.87233617633327, -0.021428828380715, 0.46369300555731, -0.011413115201002, 0.885663221948878
-0.0324906858707832, -0.0388394156732617, 0.00048641734388508, -0.0227406801342489, -2.7, 0, 1.5, 1, 1, 1, -2.51535826561149, 0.216289193912911, 3.16293198657511, 0.553451519931386, -0.0406194930992151, -0.831890300379804, -1.34776187732161, 0.154471650388878, 1.89920646113983, -0.0213156089233419, 0.472376059266952, -0.0116231951601775, 0.881062656558499
-0.0324906858967897, -0.0388394156429038, 0.000963946771113281, -0.0222495606149741, -2.7, 0, 1.5, 1, 1, 1, -2.46760532288867, 0.218659564768441, 3.21204393850259, 0.536972077937557, -0.0411341394739269, -0.842596564249559, -1.32510613833277, 0.155748359242541, 1.92563703095741, -0.021200331420127, 0.481013473024436, -0.0118321511227712, 0.876376965076362
-0.0324906858628099, -0.0388394156853028, 0.00145104940356007, -0.0217679119133994, -2.7, 0, 1.5, 1, 1, 1, -2.41889505964399, 0.220983582589459, 3.26020880866006, 0.520285119953639, -0.0416328898015288, -0.852977195733626, -1.30193460592637, 0.157003026314166, 1.95161766872321, -0.0210830052645756, 0.489604411007738, -0.0120399644910578, 0.871606600976515
-0.0324906858488697, -0.038839415686762, 0.00194753708349606, -0.0212959201444696, -2.7, 0, 1.5, 1, 1, 1, -2.36924629165039, 0.223260342425596, 3.30740798555304, 0.503397089253696, -0.0421155500122894, -0.863028186664879, -1.27825623469953, 0.158235162738221, 1.97713832871177, -0.0209636424349826, 0.498148046084754, -0.0122466140256595, 0.866752023546935
-0.0324906858544825, -0.0388394156916708, 0.00245321782327861, -0.0208337676982826, -2.7, 0, 1.5, 1, 1, 1, -2.31867821767214, 0.225488967501262, 3.35362323017174, 0.486314517220645, -0.0425819335775929, -0.872745649816282, -1.25408017947277, 0.159444294613951, 2.00218915611675, -0.0208422530988192, 0.50664355031795, -0.0124520805851809, 0.861813703242231
-0.0324906858967776, -0.0388394156314016, 0.00296789629233346, -0.0203816331559142, -2.7, 0, 1.5, 1, 1, 1, -2.26721037076665, 0.22766860543324, 3.39883668440858, 0.46904399908306, -0.0430318643200197, -0.882125833187824, -1.22941578391608, 0.160629958131942, 2.02676046438899, -0.0207188524242408, 0.515090106097625, -0.0126563446068326, 0.856792115215676
-0.0324906858806471, -0.0388394156502893, 0.00349137350522541, -0.0199396912816992, -2.7, 0, 1.5, 1, 1, 1, -2.21486264947746, 0.229798393342726, 3.44303087183008, 0.451592215938306, -0.0434651613698826, -0.891165108299815, -1.2042725776862, 0.161791685521998, 2.0508427621409, -0.0205934490539394, 0.523486894074128, -0.0128593842570381, 0.85168774666847
-0.0324906858466179, -0.0388394156903989, 0.00402344722553473, -0.0195081129094323, -2.7, 0, 1.5, 1, 1, 1, -2.16165527744653, 0.231877527972717, 3.48618870905677, 0.433965910105078, -0.0438816630200874, -0.899859982729126, -1.17866027421459, 0.162929037626385, 2.07442673635329, -0.0204660562115277, 0.531833103949487, -0.0130611826001668, 0.846501090132603
-0.0324943834191455, -0.0388520869842367, 0.00455087276412423, -0.0190970233222205, -2.7, 0, 1.5, 1, 1, 1, -2.10891272358758, 0.233857249583906, 3.52729766777796, 0.416599916263454, -0.0442718383224737, -0.908011296240764, -1.15321840132832, 0.164015222698675, 2.09695666229934, -0.0203398081168678, 0.539929898819482, -0.0132569313589772, 0.841359762727869
-0.0326191768894718, -0.0392935410981656, 0.00462922267280248, -0.0190373294691427, -2.7, 0, 1.5, 1, 1, 1, -2.10107773271975, 0.234144661023365, 3.53326705308573, 0.414028909526734, -0.0443279340927769, -0.909183752788824, -1.14943458819798, 0.164173187837935, 2.10023381666147, -0.0203210536043052, 0.541118320188418, -0.0132856611840836, 0.840595925248141
-0.0326369359236863, -0.0393586955040072, 0.00464081728247283, -0.0190285253524163, -2.7, 0, 1.5, 1, 1, 1, -2.09991827175272, 0.23418704955936, 3.53414746475837, 0.413648627887644, -0.0443361952111652, -0.909356428712563, -1.14887454604598, 0.164196491206796, 2.10071728096602, -0.0203182782292632, 0.541293879952146, -0.0132899052867401, 0.84048288591358
-0.0326395472411948, -0.039368328427799, 0.00464253198290569, -0.0190272239793482, -2.7, 0, 1.5, 1, 1, 1, -2.09974680170943, 0.234193315169629, 3.53427760206518, 0.413592393019212, -0.0443374160546301, -0.909381947244523, -1.14879172062466, 0.16419993589845, 2.10078874654908, -0.0203178677869216, 0.541319836352727, -0.0132905327752944, 0.840466168717218
-0.0276288600689027, -0.0194770657985465, 0.00464253198290569, -0.0190272239793482, -2.19888600689027, 0.232041223960952, 3.48929342014535, 0.413592393019212, -0.0443374160546301, -0.909381947244523, -2.09974680170943, 0.234193315169629, 3.53427760206518, 0.413592393019212, -0.0443374160546301, -0.909381947244523, -1.14879172062466, 0.16419993589845, 2.10078874654908, -0.0203178677869216, 0.541319836352727, -0.0132905327752944, 0.840466168717218
-0.0276288600689027, -0.0194770657985465, 0.017938787761542, -0.0296131453175245, -2.19888600689027, 0.232041223960952, 3.48929342014535, 0.413592393019212, -0.0443374160546301, -0.909381947244523, -0.770121223845796, 0.182289335716532, 2.47568546824755, -0.910462088395508, -0.0197641029368282, -0.413120038039301, -1.14879172062466, 0.16419993589845, 2.10078874654908, -0.0203178677869216, 0.541319836352727, -0.0132905327752944, 0.840466168717218
-0.0276288600689028, -0.0194770657985465, 0.017938787761542, -0.0296131453175245, -2.19888600689027, 0.232041223960952, 3.48929342014535, 0.413592393019212, -0.0443374160546301, -0.909381947244523, -0.770121223845796, 0.182289335716532, 2.47568546824755, -0.910462088395508, -0.0197641029368282, -0.413120038039301, -1.14879172062466, 0.16419993589845, 2.10078874654908, -0.0203178677869216, 0.541319836352727, -0.0132905327752944, 0.840466168717218
-0.0270152125955685, -0.0193673485470776, 0.0182850343547701, -0.0298711813035743, -2.13752125955685, 0.222218157772941, 3.50026514529224, 0.389893026476485, -0.0419220567285624, -0.919905413107594, -0.735496564522994, 0.174606556737473, 2.44988186964257, -0.920860117569266, -0.0180404681107196, -0.389475526035545, -1.12375309196209, 0.157826084181026, 2.08485939348732, -0.0191017145143921, 0.552175118494883, -0.0124950100807949, 0.833415645246028
-0.0263946142788999, -0.019267009498951, 0.0186288200516442, -0.0301314871357696, -2.07546142788999, 0.212294983759149, 3.5102990501049, 0.365930948685853, -0.0394625255605352, -0.929804952595035, -0.701117994835585, 0.166946107109761, 2.42385128642304, -0.930641657390514, -0.0163798466138525, -0.365565050509952, -1.09870093902966, 0.151451231849074, 2.06895153327658, -0.0178823257956679, 0.562936672432309, -0.0116973709829335, 0.826223757082223
-0.0257673073129353, -0.0191762096720982, 0.0189700907174362, -0.0303939790821183, -2.01273073129353, 0.2022740456703, 3.51937903279018, 0.341722431370569, -0.0369604929568307, -0.939073853250411, -0.666990928256382, 0.159308792730432, 2.39760209178817, -0.93980007541337, -0.0147833650081482, -0.341404848196479, -1.07363434700047, 0.145075312307904, 2.05306666329936, -0.0166599089375486, 0.57360267026571, -0.0108977510873673, 0.818891728569459
-0.0251335370246529, -0.0190951012184135, 0.0193087953656327, -0.030658569532495, -1.94935370246529, 0.192157743439726, 3.52748987815865, 0.31728391462819, -0.0344176583059832, -0.947705831107387, -0.633120463436726, 0.151695393394564, 2.3711430467505, -0.948329162574572, -0.0132521062972661, -0.317011326436923, -1.04855226674951, 0.138698249275068, 2.03720650412927, -0.0154346718201075, 0.584171299951773, -0.0100962863747491, 0.811420808347864
-0.0244935513853393, -0.019023826770581, 0.0196448865199392, -0.0309251665064595, -1.88535513853393, 0.181948529267874, 3.53461732294191, 0.292631996082723, -0.0318357488617863, -0.955695035020613, -0.599511348006081, 0.144106659924242, 2.34448334935405, -0.95622313747274, -0.0117871091915394, -0.292401052355657, -1.02345348280092, 0.132319954483613, 2.02137305336019, -0.0142068228767947, 0.594640765509664, -0.00929311318771255, 0.803812269267588
-0.0238476004100103, -0.0189625186055625, 0.0199783206859802, -0.0311936729734804, -1.82076004100103, 0.17164890289443, 3.54074813944375, 0.267783420046755, -0.0292165186209401, -0.963036050720707, -0.566167931401977, 0.136543310520401, 2.31763270265197, -0.96347665037503, -0.0103893674037372, -0.267590742042887, -0.998336570167503, 0.125940324593812, 2.00556865824156, -0.0129765710801267, 0.605009287186204, -0.0084883682215107, 0.796067408343276
-0.0231959353932689, -0.0189112975349943, 0.0203090589853581, -0.0314639858952869, -1.75559353932689, 0.161261405696358, 3.54587024650057, 0.242755066760251, -0.0265617472029271, -0.969723904597465, -0.53309410146419, 0.129006025965362, 2.29060141047131, -0.970084786955241, -0.00905982897676549, -0.242597249813177, -0.973199834805968, 0.119559236939193, 1.98979611611368, -0.0117441259358313, 0.615275101559794, -0.00768218852018619, 0.788187546771788
-0.0225388078974063, -0.0188702713757804, 0.0206370680379476, -0.0317359948428197, -1.68988078974062, 0.150788613022905, 3.54997286242196, 0.217563941812579, -0.0238732387442753, -0.975754067219211, -0.500293196205239, 0.121495443070109, 2.26340051571803, -0.97604307177122, -0.0077993956449295, -0.217437557645811, -0.94804122908421, 0.113176543497871, 1.97405881734099, -0.0105096974902417, 0.625436461549659, -0.00687471148140832, 0.780174030050317
-0.0218764683491908, -0.0188395327501187, 0.0209623212388523, -0.0320095799356306, -1.62364683491908, 0.14023312376545, 3.55304672498813, 0.192227165929158, -0.0211528208279233, -0.981122456602572, -0.467767876114774, 0.114012145335159, 2.23604200643694, -0.981347471495665, -0.00660892223143594, -0.192128764988494, -0.92285822759172, 0.10679206205285, 1.95836095586493, -0.00927349635934559, 0.635491636271498, -0.00606607487547438, 0.772028228259727
-0.0212091639871547, -0.0188191557625738, 0.0212848006934576, -0.0322846086488151, -1.55691639871547, 0.12959754536429, 3.55508442374262, 0.16676196545406, -0.0184023434855125, -0.985825441258309, -0.435519930654245, 0.106556648974184, 2.20853913511849, -0.985994397925644, -0.0054892160870772, -0.166688079255823, -0.897647636900793, 0.100405562680994, 1.94270785269765, -0.00803573379511661, 0.645438910629397, -0.00525641688869947, 0.763751536633089
-0.020537135663308, -0.0188091906819571, 0.0216045003169961, -0.0325609306101733, -1.4897135663308, 0.11888447080843, 3.55608093180429, 0.141185664184429, -0.0156236783474036, -0.98985984306047, -0.403549968300391, 0.0991293807520945, 2.18090693898267, -0.989980710817554, -0.00444103658026198, -0.141132807678669, -0.872405288539028, 0.094016746003433, 1.92710647975014, -0.0067966218203984, 0.65527658442256, -0.00444587621164808, 0.755345376648355
-0.0198606124630963, -0.0188096547984004, 0.0219214311573149, -0.0328383685467649, -1.42206124630963, 0.108096440461234, 3.55603452015996, 0.115515677989014, -0.0128187181035076, -0.993222940031553, -0.37185688426851, 0.0917306402439608, 2.15316314532351, -0.993303720639081, -0.00346509466176152, -0.115480351937218, -0.84712550908475, 0.0876252057619197, 1.91156636734462, -0.00555637350098732, 0.665002970478259, -0.00363459221711166, 0.746811198167264
-0.0191798017282329, -0.0188205151689186, 0.0222356314116974, -0.0331167010659034, -1.35398017282329, 0.0972358720831853, 3.55494848310814, 0.0897695157587951, -0.00998937667822759, -0.995912469243162, -0.340436858830264, 0.0843605293290361, 2.12532989340966, -0.995961191435287, -0.00256205256539886, -0.0897482091267298, -0.821800119741891, 0.0812303584301226, 1.89610132509528, -0.00431520352536415, 0.674616390591846, -0.00282270533932869, 0.738150483910925
-0.0184948679318047, -0.018841651550307, 0.0225471878510381, -0.0333956254847947, -1.28548679318047, 0.0863049142340622, 3.5528348449693, 0.0639647971449651, -0.00713759130576561, -0.997926630327378, -0.309281214896189, 0.0770188024731417, 2.09743745152053, -0.997951344298121, -0.00173252383537493, -0.0639539895138113, -0.796416292373748, 0.0748312930981869, 1.88073314941636, -0.00307332959469852, 0.684115165661672, -0.00201035798322868, 0.729364760060208
-0.0178058781405219, -0.0188727593951322, 0.0228562915364877, -0.0336746602551431, -1.21658781405219, 0.0753050721038281, 3.54972406048678, 0.0381193271221503, -0.00426533104027229, -0.999264091144514, -0.278370846351228, 0.0697044806572181, 2.06953397448569, -0.999272862966618, -0.000977074449379869, -0.0381154911291877, -0.770950966836148, 0.0684263832644066, 1.8655013427159, -0.00183097654775874, 0.693497586124341, -0.00119769722266067, 0.720455627423339
-0.017112602596588, -0.0189129891476542, 0.0231634430544078, -0.0339527811831331, -1.1472602596588, 0.0642358621717179, 3.54570108523458, 0.0122514712074694, -0.00137463926883074, -0.999924003022296, -0.247655694559224, 0.0624144479114995, 2.04172188168669, -0.999924908884434, -0.000296229943161709, -0.0122510750661953, -0.745350265553481, 0.0620118719374884, 1.85049930092746, -0.00058839493798656, 0.702761777744279, -0.000384886952220516, 0.711424900741555
-0.0167809424663579, -0.0189317889880443, 0.0233101686447532, -0.0340806778769332, -1.11409424663579, 0.0589570823521373, 3.54382110119557, 0, 0, -1, -0.232983135524683, 0.0589570823521373, 2.02893221230668, -1, 0, 0, -0.732983135524683, 0.0589570823521373, 1.84382110119557, 0, 0.707106781186548, 0, 0.707106781186547
-0.0167809424663579, -0.0189317889880443, 0.0233101686447532, -0.0340806778769332, -1.11409424663579, 0.0589570823521373, 3.54382110119557, 0, 0, -1, -0.232983135524683, 0.0589570823521373, 2.02893221230668, -1, 0, 0, -0.732983135524683, 0.0589570823521373, 1.84382110119557, 0, 0.707106781186548, 0, 0.707106781186547
-0.0164481976579904, -0.0191371932317839, 0.0236429134531207, -0.0342860821206728, -1.08081976579904, 0.0505368750161026, 3.52328067682161, 0, 0, -1, -0.199708654687926, 0.0505368750161026, 2.00839178793272, -1, 0, 0, -0.699708654687926, 0.0505368750161026, 1.82328067682161, 0, 0.707106781186548, 0, 0.707106781186547
-0.0161154528496228, -0.0193425974755235, 0.0239756582614883, -0.0344914863644124, -1.04754528496228, 0.0421166676800679, 3.50274025244765, 0, 0, -1, -0.166434173851168, 0.0421166676800679, 1.98785136355876, -1, 0, 0, -0.666434173851168, 0.0421166676800679, 1.80274025244765, 0, 0.707106781186548, 0, 0.707106781186547
-0.0157827080412552, -0.0195480017192632, 0.0243084030698559, -0.0346968906081521, -1.01427080412552, 0.0336964603440331, 3.48219982807368, 0, 0, -1, -0.133159693014411, 0.0336964603440331, 1.9673109391848, -1, 0, 0, -0.633159693014411, 0.0336964603440331, 1.78219982807368, 0, 0.707106781186548, 0, 0.707106781186547
-0.0154499632328876, -0.0197534059630028, 0.0246411478782235, -0.0349022948518917, -0.980996323288765, 0.0252762530079984, 3.46165940369972, 0, 0, -1, -0.0998852121776539, 0.0252762530079984, 1.94677051481083, -1, 0, 0, -0.599885212177654, 0.0252762530079984, 1.76165940369972, 0, 0.707106781186548, 0, 0.707106781186547
-0.0151172184245201, -0.0199588102067424, 0.024973892686591, -0.0351076990956313, -0.947721842452007, 0.0168560456719637, 3.44111897932576, 0, 0, -1, -0.0666107313408967, 0.0168560456719637, 1.92623009043687, -1, 0, 0, -0.566610731340897, 0.0168560456719637, 1.74111897932576, 0, 0.707106781186548, 0, 0.707106781186547
-0.0147844736161525, -0.020164214450482, 0.0253066374949586, -0.0353131033393709, -0.91444736161525, 0.0084358383359289, 3.4205785549518, 0, 0, -1, -0.0333362505041395, 0.0084358383359289, 1.90568966606291, -1, 0, 0, -0.533336250504139, 0.0084358383359289, 1.7205785549518, 0, 0.707106781186548, 0, 0.707106781186547
-0.0144517288077849, -0.0203696186942217, 0.0256393823033262, -0.0355185075831105, -0.881172880778493, 1.56309998941259e-05, 3.40003813057784, 0, 0, -1, -6.17696673822499e-05, 1.56309998941237e-05, 1.88514924168895, -1, 0, 0, -0.500061769667382, 1.56309998941232e-05, 1.70003813057784, 0, 0.707106781186548, 0, 0.707106781186547